carrera	name	gender
Ingeniería	MATIAS	male
Ingeniería	RICARDO NICOLAS ALEJANDRO	male
Ingeniería	MARCELO AGUSTÍN	male
Ingeniería	MATIAS EZEQUIEL	male
Ingeniería	PEDRO	male
Ingeniería	GALO	male
Ingeniería	FEDERICO EMANUEL	male
Ingeniería	LUCIANA AILEN	female
Ingeniería	TOMAS	male
Ingeniería	AGUSTIN	male
Ingeniería	BRIAN GABRIEL	male
Ingeniería	CANDIDO NICOLAS	male
Ingeniería	CAMILA	female
Ingeniería	FELIPE	male
Ingeniería	SOFÍA ALEJANDRA	female
Ingeniería	MARTIN	male
Ingeniería	SIMON	male
Ingeniería	SANTIAGO AUGUSTO	male
Ingeniería	BAUTISTA	male
Ingeniería	MATIAS	male
Ingeniería	KEVIN HERNAN	unknown
Ingeniería	SEBASTIAN ELOY	male
Ingeniería	MARIA	female
Ingeniería	ALEXIA ANAEL	unknown
Ingeniería	SANTIAGO	male
Ingeniería	LUCIANO	male
Ingeniería	AGUSTINA	female
Ingeniería	SEGUNDO JORGE	male
Ingeniería	MARTINA	female
Ingeniería	SOFIA	female
Ingeniería	JOAQUÍN	male
Ingeniería	LUCIANA	female
Ingeniería	TOMÁS	male
Ingeniería	LAIA	female
Ingeniería	CHIARA DANIELA	female
Ingeniería	GIANNI NICOLÁS	male
Ingeniería	FELICITAS	female
Ingeniería	FACUNDO	male
Ingeniería	MARINO AUGUSTO	male
Ingeniería	VALENTINA DE LOS MILAGROS	female
Ingeniería	SANTIAGO	male
Ingeniería	MARTIN	male
Ingeniería	GASTÓN	male
Ingeniería	FACUNDO	male
Ingeniería	FACUNDO RAFAEL	male
Ingeniería	OCTAVIO	male
Ingeniería	NICOLAS ALEJANDRO	male
Ingeniería	JUAN	male
Ingeniería	TOBIAS	male
Ingeniería	JULIÁN	male
Ingeniería	AGUSTÍN	male
Ingeniería	RAMIRO	male
Ingeniería	SANTIAGO TOMAS	male
Ingeniería	JUAN CRUZ	male
Ingeniería	IÑAKI MARTZEL	male
Ingeniería	TOMAS	male
Ingeniería	NICOLAS	male
Ingeniería	DIEGO	male
Ingeniería	FACUNDO	male
Ingeniería	NICOLAS	male
Ingeniería	SANTIAGO	male
Ingeniería	AGUSTIN	male
Ingeniería	MARGARITA	female
Ingeniería	SOFIA ANA	female
Ingeniería	NICOLÁS VALENTÍN	male
Ingeniería	JOAQUIN	male
Ingeniería	MICAELA ANDREA	female
Ingeniería	IGNACIO	male
Ingeniería	TOMAS	male
Ingeniería	RAFAEL	male
Ingeniería	NICOLÁS	male
Ingeniería	ESTANISLAO	male
Ingeniería	JUAN IGNACIO	male
Ingeniería	MATEUS ALEXSANDRO	male
Ingeniería	VALENTÍN	male
Ingeniería	DANIELA	female
Ingeniería	AGUSTIN	male
Ingeniería	JULIO	male
Ingeniería	AGUSTÍN FERNANDO	male
Ingeniería	NICOLAS	male
Ingeniería	SANTIAGO	male
Ingeniería	FRANCISCO NICOLÁS	male
Ingeniería	FRANCISCO	male
Ingeniería	LUANA CATERINA	female
Ingeniería	PEDRO	male
Ingeniería	LOLA	female
Ingeniería	TOMAS	male
Ingeniería	MATIAS	male
Ingeniería	LAUTARO	male
Ingeniería	PEDRO	male
Ingeniería	AGUSTÍN	male
Ingeniería	VICTORIA CAMILA	female
Ingeniería	MANUEL	male
Ingeniería	JUAN IGNACIO	male
Ingeniería	VICTORIA SOFÍA	female
Ingeniería	JUSTINA	female
Ingeniería	AZUL	female
Ingeniería	FRANCO MANUEL	male
Ingeniería	KEVIN ANTONIO	male
Ingeniería	AGUSTIN	male
Ingeniería	GREGORIO	male
Ingeniería	DAVID	male
Ingeniería	ABRIL	female
Ingeniería	JOAQUIN	male
Ingeniería	GUILLERMO MATEO	male
Ingeniería	ALAN MICHEL	male
Ingeniería	JONATHAN DANIEL	unknown
Ingeniería	FRANCO	male
Ingeniería	ANTONELLA	female
Ingeniería	GONZALO RAFAEL	male
Ingeniería	IGNACIO	male
Ingeniería	ERNESTO JOSÉ	male
Ingeniería	TOMAS	male
Ingeniería	MARIA BELEN	female
Ingeniería	ROCÍO BELÉN	female
Ingeniería	MARTINA	female
Ingeniería	JUAN FRANCISCO	male
Ingeniería	GONZALO	male
Ingeniería	JUAN BAUTISTA	male
Ingeniería	VALENTIN	male
Ingeniería	MATIAS	male
Ingeniería	SOFÍA ALEJANDRA	female
Ingeniería	AGUSTIN ANDRES	male
Ingeniería	FEDERICO TOMÁS	male
Ingeniería	DELFINA	female
Ingeniería	SANTIAGO	male
Ingeniería	VICTORIA	female
Ingeniería	SEBASTIÁN	male
Ingeniería	EMILIO PABLO	male
Ingeniería	IGNACIO	male
Ingeniería	TAMARA	female
Ingeniería	BRUNO	male
Ingeniería	JUAN IGNACIO	male
Ingeniería	LAUTARO ANDRÉS	male
Ingeniería	AMARENA SOFIA	female
Ingeniería	LUCAS DANIEL	male
Ingeniería	RAMIRO	male
Ingeniería	PÍA	female
Ingeniería	MARÍA EUGENIA	female
Ingeniería	AZUL MARTINA	female
Ingeniería	GONZALO	male
Ingeniería	DINO	male
Ingeniería	TOMAS	male
Ingeniería	FRANCISCO	male
Ingeniería	LETICIA LAUREANA	female
Ingeniería	NOE DANTE	male
Ingeniería	MICAELA SOLEDAD	female
Ingeniería	AGUSTIN	male
Ingeniería	VICTORIA	female
Ingeniería	SANTIAGO	male
Ingeniería	MELANY LUANA	female
Ingeniería	EZEQUIEL	male
Ingeniería	TOMAS DARIO	male
Ingeniería	OCTAVIO JOAQUIN	male
Ingeniería	MARÍA GUILLERMINA	female
Ingeniería	CANDELA	female
Ingeniería	RAFAEL	male
Ingeniería	ALEX DAMIAN	male
Ingeniería	SOLANGE CELESTE	female
Ingeniería	AXEL FAVIO	male
Ingeniería	RAMIRO	male
Ingeniería	MAURO ELIÁN	male
Ingeniería	BRUNO JOSÉ	male
Ingeniería	BRUNO ILAN	male
Ingeniería	TOMÁS	male
Ingeniería	ALEJO	male
Ingeniería	MATEO	male
Ingeniería	ROSARIO	female
Ingeniería	MARTINA	female
Ingeniería	ALEJANDRO OSCAR	male
Ingeniería	IVAN ALEJANDRO	male
Ingeniería	AXEL EZEQUIEL	male
Ingeniería	JUAN BAUTISTA	male
Ingeniería	GIANNINA BELÉN	female
Ingeniería	TOMÁS	male
Ingeniería	SANTIAGO	male
Ingeniería	JUAN MARTÍN	male
Ingeniería	MARCELO	male
Ingeniería	JACQUELINE ESTEFANÍA	female
Ingeniería	EMILIANO	male
Ingeniería	PAULA	female
Ingeniería	CARLOS ADRIEL	male
Ingeniería	JHONATAN NAHUEL	male
Ingeniería	CAMILA DEL CARMEN	female
Ingeniería	MATEO	male
Ingeniería	MATÍAS ALEJO	male
Ingeniería	SANTIAGO	male
Ingeniería	BRAIAN JOEL	male
Ingeniería	JEREMÍAS	male
Ingeniería	JULIETA	female
Ingeniería	ANSELMO DANIEL	male
Ingeniería	AGUSTIN	male
Ingeniería	AGUSTÍN	male
Ingeniería	IVO ALESSANDRO	male
Ingeniería	GONZALO FRANCISCO	male
Ingeniería	FRANCISCO JOSÉ	male
Ingeniería	JOSÉ FRANCISCO	male
Ingeniería	MARÍA VICTORIA	female
Ingeniería	NICOLÁS PATRICIO	male
Ingeniería	TIANCHENG	unknown
Ingeniería	NATALIA	female
Ingeniería	MARÍA DEL PILAR	female
Ingeniería	FRANCO MATÍAS	male
Ingeniería	BAUTISTA	male
Ingeniería	THOMAS	male
Ingeniería	TOMÁS	male
Ingeniería	TADEO	male
Ingeniería	FELIPE AGUSTIN	male
Ingeniería	MATIAS EZEQUIEL	male
Ingeniería	SOFÍA	female
Ingeniería	GIANFRANCO	male
Ingeniería	FEDERICO	male
Ingeniería	MARIA	female
Ingeniería	MARTÍN FEDERICO	male
Ingeniería	JONATHAN EMANUEL	male
Ingeniería	MAXIMILIANO RICARDO	male
Ingeniería	AGUSTIN	male
Ingeniería	DIEGO MARIA	female
Ingeniería	FRANCO	male
Ingeniería	FRANCO NADIR	male
Ingeniería	JUAN IGNACIO	male
Ingeniería	LUCAS	male
Ingeniería	IVAN	male
Ingeniería	NICOLÁS IVAN	male
Ingeniería	EMILIA	female
Ingeniería	FRANCISCO	male
Ingeniería	LUCIA	female
Ingeniería	TADEO	male
Ingeniería	AUGUSTO	male
Ingeniería	MATEO	male
Ingeniería	IVÁN ALEJANDRO	male
Ingeniería	LARA BRISA	female
Ingeniería	SERGIO TOMAS	male
Ingeniería	CAMILA ALDARA	female
Ingeniería	ANA SOL	female
Ingeniería	SOFIA	female
Ingeniería	TOMAS	male
Ingeniería	CYNTHIA	unknown
Ingeniería	FRANCO	male
Ingeniería	ANDRES	male
Ingeniería	MARTÍN	male
Ingeniería	FELIPE	male
Ingeniería	ALBERTINA	female
Ingeniería	ARAMIS MAURICIO	male
Ingeniería	CAMILA	female
Ingeniería	MALENA	female
Ingeniería	ANDRES FELIPE	male
Ingeniería	JUSTINA	female
Ingeniería	SANTIAGO	male
Ingeniería	MAURO LEANDRO	male
Ingeniería	FRANCISCO YAMIL	male
Ingeniería	TOMÁS	male
Ingeniería	JOAQUÍN	male
Ingeniería	JUAN SEBASTIÁN	male
Ingeniería	FACUNDO MIGUEL	male
Ingeniería	JERÓNIMO	male
Ingeniería	AGUSTIN	male
Ingeniería	MATÍAS NICOLÁS	male
Ingeniería	MATIAS	male
Ingeniería	HERNÁN FEDERICO	male
Ingeniería	JUAN PABLO	male
Ingeniería	LORENZO	male
Ingeniería	MARTINA	female
Ingeniería	FRANCO	male
Ingeniería	ESTEBAN FRANCISCO	male
Ingeniería	MARCOS	male
Ingeniería	MARTIN	male
Ingeniería	PILAR	female
Ingeniería	MATIAS	male
Ingeniería	TOMÁS	male
Ingeniería	SOFIA DOROTEA	female
Ingeniería	MAXIMILIANO GABRIEL	male
Ingeniería	DELFINA	female
Ingeniería	SANTIAGO	male
Ingeniería	AGUSTÍN JULIÁN	male
Ingeniería	SIMON	male
Ingeniería	LUCIANO	male
Ingeniería	IAN	male
Ingeniería	MATIAS	male
Ingeniería	DANIELA AGUSTINA	female
Ingeniería	MARCO MARIANO	male
Ingeniería	FEDERICO	male
Ingeniería	JUAN PABLO	male
Ingeniería	SOFIA	female
Ingeniería	MARÍA DEL ROSARIO	female
Ingeniería	TOMÁS	male
Ingeniería	NICOLÁS MATÍAS	male
Ingeniería	FRANCISCO	male
Ingeniería	SOFIA PAULA	female
Ingeniería	SANTINO	male
Ingeniería	FRANCO DAVID	male
Ingeniería	NICOLAS	male
Ingeniería	LUCA	male
Ingeniería	DELFINA	female
Ingeniería	LUCAS	male
Ingeniería	JUAN CRUZ	male
Ingeniería	IGNACIO	male
Ingeniería	FLORENCIA	female
Ingeniería	MARTIN	male
Ingeniería	LUCAS	male
Ingeniería	MATIAS	male
Ingeniería	AGUSTIN ARIEL	male
Ingeniería	LUCAS NICOLÁS	male
Ingeniería	CAROLINA	female
Ingeniería	SANTIAGO MARTIN	male
Ingeniería	JOSEFINA	female
Ingeniería	VICTORIA SOFIA	female
Ingeniería	VALENTINO	male
Ingeniería	AGUSTIN	male
Ingeniería	PILAR MADELEINE	female
Ingeniería	MANUEL ESTEBAN	male
Ingeniería	HANS	male
Ingeniería	TOMAS ALEJANDRO	male
Ingeniería	GUADALUPE	female
Ingeniería	ANGELES	female
Ingeniería	TOBÍAS	male
Ingeniería	PEDRO	male
Ingeniería	MARCOS	male
Ingeniería	AGUSTÍN	male
Ingeniería	JUAN CRUZ	male
Ingeniería	VALENTINO	male
Ingeniería	JUAN PABLO	male
Ingeniería	BAUTISTA MANUEL	male
Ingeniería	SANTIAGO TOMAS	male
Ingeniería	FRANCISCO EDUARDO	male
Ingeniería	MARIANO ALEJANDRO	male
Ingeniería	SANTIAGO	male
Ingeniería	ANDRES PABLO	unknown
Ingeniería	THEO	male
Ingeniería	JUAN BAUTISTA	male
Ingeniería	IGNACIO MARTÍN	male
Ingeniería	SANTOS	male
Ingeniería	CECILE	female
Ingeniería	SANTINO AUGUSTO	male
Ingeniería	JUAN	male
Ingeniería	MARCELO AGUSTIN	male
Ingeniería	ANDRES IGNACIO	male
Ingeniería	MATÍAS	male
Ingeniería	MANUEL	male
Ingeniería	MARIA AGUSTINA	female
Ingeniería	TOMAS	male
Ingeniería	FACUNDO	male
Ingeniería	TOMAS CAMILO	male
Ingeniería	JAVIER BAUTISTA	male
Ingeniería	MARIA JUSTINA	female
Ingeniería	MATÍAS AGUSTÍN	male
Ingeniería	KEVIN BRIAN	male
Ingeniería	FRANCO	male
Ingeniería	PÍA GABRIELA	female
Ingeniería	JUAN CRUZ	male
Ingeniería	TOBIAS	male
Ingeniería	JOSEFINA MARIA	female
Ingeniería	GERMÁN	male
Ingeniería	JULIAN FABRIZIO	male
Ingeniería	CARMELA MARTHE MARIE	female
Ingeniería	CARLOS MARIA	male
Ingeniería	MATIAS NICOLAS	male
Ingeniería	LUCÍA INÉS	female
Ingeniería	BRUNO	male
Ingeniería	HWA PYOUNG	unknown
Ingeniería	RAFAEL MARIA	unknown
Ingeniería	FRANCESCO	male
Ingeniería	MAURO JOAQUIN	male
Ingeniería	MARIA VICTORIA	female
Ingeniería	CAROLINA	female
Ingeniería	MIGUEL ANGEL	male
Ingeniería	GONZALO ALFREDO	male
Ingeniería	GIANLUCA	male
Ingeniería	MARÍA	female
Ingeniería	ALESSANDRO	male
Ingeniería	JOSÉ IGNACIO	male
Ingeniería	JOAQUÍN IGNACIO	male
Ingeniería	FÉLIX	male
Ingeniería	JUAN CRISTOBAL	male
Ingeniería	IGNACIO LUIS	male
Ingeniería	LUCIO JUAN	male
Ingeniería	RAMIRO	male
Ingeniería	NICOLAS MARTIN	male
Ingeniería	SANTIAGO	male
Ingeniería	BRUNO ENZO	male
Ingeniería	NIKOLAS	male
Ingeniería	TOMAS	male
Ingeniería	FRANCESCA	female
Ingeniería	FELIPE	male
Ingeniería	SANTIAGO JOSÉ	male
Ingeniería	GUADALUPE	female
Ingeniería	IVO	male
Ingeniería	SANTIAGO NAIM	male
Ingeniería	TOMAS	male
Ingeniería	BAUTISTA IGNACIO	male
Ingeniería	ERIC BRIAN	unknown
Ingeniería	NICANOR	male
Ingeniería	FRANCISCO	male
Ingeniería	JUAN SEGUNDO	male
Ingeniería	SANTOS	male
Ingeniería	SANTINO	male
Ingeniería	AGUSTIN	male
Ingeniería	JUAN BAUTISTA	male
Ingeniería	RAMIRO MANUEL	male
Ingeniería	IVAN	male
Ingeniería	DANA	female
Ingeniería	ESTANISLAO	male
Ingeniería	IGNACIO JAVIER	male
Ingeniería	NICOLAS EZEQUIEL	male
Ingeniería	JULIETA	female
Ingeniería	ALEJANDRO NAHUEL	male
Ingeniería	CELESTE	female
Ingeniería	EZEQUIEL	male
Ingeniería	SANTIAGO JOAQUIN	male
Ingeniería	GABRIEL VÍCTOR BALTHAZAR	male
Ingeniería	TOMÁS	male
Ingeniería	MATEO	male
Ingeniería	MARINA	female
Ingeniería	GONZALO	male
Ingeniería	CLARA	female
Ingeniería	RAMIRO	male
Ingeniería	CAMILA	female
Ingeniería	TOMAS	male
Ingeniería	MANUEL	male
Ingeniería	TOMÁS	male
Ingeniería	AGUSTIN EMILIANO	male
Ingeniería	CECILIA MARÍA	female
Ingeniería	TOBIAS	male
Ingeniería	JUAN LAZARO	male
Ingeniería	FEDERICO	male
Ingeniería	SEGUNDO	male
Ingeniería	VALENTINA	female
Ingeniería	SANTIAGO MARTÍN	male
Ingeniería	GIULIANA VALENTINA	female
Ingeniería	SANTIAGO	male
Ingeniería	MATEO	male
Ingeniería	TOMAS AGUSTIN	male
Ingeniería	FELIPE	male
Ingeniería	MARÍA VICTORIA	female
Ingeniería	IGNACIO	male
Ingeniería	SANTIAGO	male
Ingeniería	MARTIN JOSE	male
Ingeniería	MARTIN LEONARDO	male
Ingeniería	JOSÉ RODOLFO	male
Ingeniería	TOMAS	male
Ingeniería	THEO HÉCTOR	male
Ingeniería	ANGELES	female
Ingeniería	NICOLAS	male
Ingeniería	SERGIO	male
Ingeniería	GONZALO	male
Ingeniería	THIAGO	male
Ingeniería	JULIETA	female
Ingeniería	AUGUSTO	male
Ingeniería	LUCIO	male
Ingeniería	TRINIDAD	female
Ingeniería	MÁXIMO VALENTÍN	male
Ingeniería	PATRICK LUCA	male
Ingeniería	MANUELA MARIA	female
Ingeniería	MATÍAS EZEQUIEL	male
Ingeniería	FEDERICO	male
Ingeniería	SOFÍA	female
Ingeniería	THIAGO	male
Ingeniería	MARÍA PAZ	female
Ingeniería	FELIPE	male
Ingeniería	AGUSTIN IGNACIO	male
Ingeniería	CANDELA VALENTINA	female
Ingeniería	FRANCISCO AGUSTIN	male
Ingeniería	MARCO LUCIANO	male
Ingeniería	MANUEL	male
Ingeniería	TOMÁS	male
Ingeniería	FEDERICO	unknown
Ingeniería	IGNACIO	male
Ingeniería	FACUNDO ANDRÉS	male
Ingeniería	JAVIER IGNACIO	male
Ingeniería	JUAN CRUZ	male
Ingeniería	MARIA BELEN	female
Ingeniería	MALENA GRISEL	female
Ingeniería	RON	male
Ingeniería	VALERIA NICOLE	female
Ingeniería	NICOLAS DARIO	male
Ingeniería	LUCAS	male
Ingeniería	ANTONELLA ARIANA	female
Ingeniería	MATÍAS	male
Ingeniería	MARIANO	male
Ingeniería	BERNARDO	male
Ingeniería	FÉLIX	male
Ingeniería	RAMIRO	male
Ingeniería	JUAN RAMIRO	male
Ingeniería	FACUNDO TOMÁS	male
Ingeniería	CANDELARIA	female
Ingeniería	IGNACIO	male
Ingeniería	NICOLÁS	male
Ingeniería	EDUARDO RODRIGO	male
Ingeniería	GONZALO	male
Ingeniería	LAUTARO	male
Ingeniería	JUSTINA	female
Ingeniería	NICOLÁS DOMINGO	male
Ingeniería	MATIAS IGNACIO	male
Ingeniería	LUCAS ALEJANDRO	male
Ingeniería	AMY	female
Ingeniería	ROCÍO	female
Ingeniería	AGUSTÍN	male
Ingeniería	TOBIAS	male
Ingeniería	IAN	male
Ingeniería	MATIAS JAVIER	male
Ingeniería	JOSE MANUEL	male
Ingeniería	LUCAS MARTÍN	male
Ingeniería	MAXIMO GUSTAVO	male
Ingeniería	FACUNDO	male
Ingeniería	IKER MANUEL	male
Ingeniería	AXEL MARCELO	male
Ingeniería	NICOLÁS	male
Ingeniería	JUAN BAUTISTA	male
Ingeniería	JERÓNIMO	male
Ingeniería	JOAQUIN	male
Ingeniería	GONZALO GASTÓN	male
Ingeniería	TOBIAS	male
Ingeniería	WILLIAMS	male
Ingeniería	ALVARO MARIA	female
Ingeniería	OLIVIA	female
Ingeniería	TOBIAS ISMAEL	male
Ingeniería	JOAQUIN	male
Ingeniería	MICAELA	female
Ingeniería	TOMÁS	male
Ingeniería	NICOLÁS DIEGO FRANCO	male
Ingeniería	FRANCISCO JOSE	male
Ingeniería	JULIETA	female
Ingeniería	SOFIA ARIADNA	female
Ingeniería	JULIETA	female
Ingeniería	BENJAMÍN	male
Ingeniería	VICTORIA	female
Ingeniería	JUSTINA	female
Ingeniería	FACUNDO	male
Ingeniería	SEGUNDO JOSÉ	male
Ingeniería	JULIO TERCERO	male
Ingeniería	ANNA CANDELA	female
Ingeniería	FRANCO TOBÍAS	male
Ingeniería	JULIA	female
Ingeniería	ROMAN	male
Ingeniería	MARCOS	male
Ingeniería	AARON NINO	male
Ingeniería	SANTIAGO	male
Ingeniería	FRANCISCO TOMÁS	male
Ingeniería	SELENA	unknown
Ingeniería	LOURDES BELÉN	female
Ingeniería	NICOLÁS	male
Ingeniería	IMANOL	male
Ingeniería	NICOLÁS ALEJANDRO	male
Ingeniería	MATÍAS	male
Ingeniería	JOAQUÍN FEDERICO	male
Ingeniería	LUCÍA	female
Ingeniería	MARCOS DARIO	male
Ingeniería	NICOLÁS	male
Ingeniería	SAUL ARIEL	male
Ingeniería	ALEJANDRO NAHUEL	male
Ingeniería	BRUNO	male
Ingeniería	MATÍAS	male
Ingeniería	JOSÉ IVÁN	male
Ingeniería	GASTON ARIEL	male
Ingeniería	SANTIAGO	male
Ingeniería	JOSUE FRANCISCO	male
Ingeniería	TOMÁS AGUSTÍN	male
Ingeniería	ELIAN	male
Ingeniería	LUCAS DANIEL	male
Ingeniería	FRANCISCO	male
Ingeniería	GIULIANO MARTIN	male
Ingeniería	MICAELA BELEN	female
Ingeniería	SOLANGE MADELEN	female
Ingeniería	MARTÍN AUGUSTO	male
Ingeniería	NEHUÉN GABRIEL	male
Ingeniería	MARCO	male
Ingeniería	FRANCISCO MAURICIO	male
Ingeniería	MATIAS	male
Ingeniería	DAMIÁN JAIL	male
Ingeniería	JUAN FRANCISCO	male
Ingeniería	VALENTÍN	male
Ingeniería	THOMÁS GERMÁN	male
Ingeniería	JORGE ALEJANDRO	male
Ingeniería	LEONEL	male
Ingeniería	VALENTIN	male
Ingeniería	FRANCISCO EZEQUIEL	male
Ingeniería	VICTORIA	female
Ingeniería	SANTIAGO	male
Ingeniería	CRISTIAN DAMIÁN	male
Ingeniería	VALENTINA	female
Ingeniería	LUCIO	male
Ingeniería	BIANCA JOCELYN	female
Ingeniería	LUCIANO	male
Ingeniería	JOSEFINA MARIA	female
Ingeniería	SANTIAGO	male
Ingeniería	CAROLINA	female
Ingeniería	SEBASTIÁN ARÓN	male
Ingeniería	JULIETA	female
Ingeniería	LUCAS NICOLAS	male
Ingeniería	JACQUES	male
Ingeniería	MANUEL	male
Ingeniería	AGUSTIN	male
Ingeniería	PAZ	female
Ingeniería	RICCARDO	male
Ingeniería	PEHUÉN SANTIAGO	male
Ingeniería	MAXIMO	male
Ingeniería	JUAN MARTIN	male
Ingeniería	MAGALI	female
Ingeniería	PEDRO	male
Ingeniería	ISABEL	female
Ingeniería	JOSÉ MARÍA	male
Ingeniería	BAUTISTA	male
Ingeniería	PALOMA FAITH	female
Ingeniería	TANIA CAMILA	female
Ingeniería	AXEL FACUNDO	male
Ingeniería	GREGORIO	male
Ingeniería	ALEJO	male
Ingeniería	HELENA	unknown
Ingeniería	EMANUEL	male
Ingeniería	WEIXING	unknown
Licenciatura	LISANDRO	male
Licenciatura	LORENZO	male
Licenciatura	AGUSTIN NICOLAS	male
Licenciatura	FRANCO ANDRES	male
Licenciatura	AGUSTIN	male
Licenciatura	FRANCISCO	male
Licenciatura	EDUARDO	male
Licenciatura	SOFÍA SARAH	female
Licenciatura	TOBIAS	male
Licenciatura	FELIX C	male
Licenciatura	VICTORIA	female
Licenciatura	LUCIA	female
Licenciatura	CLARA	female
Licenciatura	KATHERINA	female
Licenciatura	ISABEL EIREANN	female
Licenciatura	TOMMY	male
Licenciatura	MATIAS	male
Licenciatura	AGUSTIN	male
Licenciatura	AGOSTINA	female
Licenciatura	PALOMA	female
Licenciatura	FRANCO	male
Licenciatura	BELÉN	female
Licenciatura	CHIARA	female
Licenciatura	PILAR	female
Licenciatura	SANTINO	male
Licenciatura	MANUEL SAUL	male
Licenciatura	DELFINA PAZ	female
Licenciatura	NICOLAS	male
Licenciatura	SOFÍA	female
Licenciatura	CARMELA	female
Licenciatura	IGNACIO	male
Licenciatura	MANUEL	male
Licenciatura	GONZALO	male
Licenciatura	FELIPE	male
Licenciatura	ROCIO	female
Licenciatura	NICOLE	female
Licenciatura	FACUNDO	male
Licenciatura	SOL ALEJANDRA	female
Licenciatura	HERNAN	male
Licenciatura	BRUNO EZEQUIEL	male
Licenciatura	MILTON	male
Licenciatura	CIPRIANO	male
Licenciatura	SANTINO JOAQUÍN	male
Licenciatura	LORENZO	male
Licenciatura	MAGDALENA	female
Licenciatura	GONZALO	male
Licenciatura	LARA	female
Licenciatura	MARCOS	male
Licenciatura	MATÍAS JOSÉ	male
Licenciatura	TOMAS	male
Licenciatura	JULIETA GHISLAINE	female
Licenciatura	FACUNDO	male
Licenciatura	TOBIAS	male
Licenciatura	MARCOS MANUEL	male
Licenciatura	ANTONELLA	female
Licenciatura	RAMIRO	male
Licenciatura	EZEQUIEL	male
Licenciatura	MARGARITA	female
Licenciatura	JOAQUIN	male
Licenciatura	CONSTANTINO	male
Licenciatura	JUAN IGNACIO	male
Licenciatura	JUAN	male
Licenciatura	SOFIA	female
Licenciatura	BLAS MATIAS	male
Licenciatura	GONZALO HERNÁN	male
Licenciatura	TOMÁS BAUTISTA	male
Licenciatura	JUANA	female
Licenciatura	DANIEL ALEXANDER	male
Licenciatura	TATIANA	female
Licenciatura	KONSTANTINO	male
